{
  "fraction": 50,
  "ssl": {
    "mAP_50_95": 0.11070659011602402,
    "mAP_50": 0.3003178834915161,
    "F1": 0.36652642488479614,
    "precision": 0.3255814015865326,
    "recall": 0.41925132274627686
  },
  "baseline": {
    "mAP_50_95": 0.10447658598423004,
    "mAP_50": 0.294170081615448,
    "F1": 0.35974785685539246,
    "precision": 0.3106531798839569,
    "recall": 0.4272727370262146
  }
}