{
  "fraction": 10,
  "ssl": {
    "mAP_50_95": 0.0903629660606384,
    "mAP_50": 0.2692739069461822,
    "F1": 0.3365841507911682,
    "precision": 0.3161108493804931,
    "recall": 0.3598930537700653
  },
  "baseline": {
    "mAP_50_95": 0.089907705783844,
    "mAP_50": 0.2684740126132965,
    "F1": 0.336438924074173,
    "precision": 0.3259779214859009,
    "recall": 0.3475935757160187
  }
}