{
  "fraction": 25,
  "ssl": {
    "mAP_50_95": 0.10469207912683487,
    "mAP_50": 0.30492812395095825,
    "F1": 0.3639792501926422,
    "precision": 0.32546374201774597,
    "recall": 0.4128342270851135
  },
  "baseline": {
    "mAP_50_95": 0.10590401291847229,
    "mAP_50": 0.2934195101261139,
    "F1": 0.3525322675704956,
    "precision": 0.3290083408355713,
    "recall": 0.3796791434288025
  }
}